[
  {
    "model": "backend.user",
    "pk": 1,
    "fields": {
      "is_student": true,
      "is_teacher": false,
      "first_name": "Federico",
      "last_name": "Esteban",
      "dni": 37247189,
      "password": "pelusa22"
    }
  },
  {
    "model": "backend.user",
    "pk": 2,
    "fields": {
      "is_student": true,
      "is_teacher": false,
      "first_name": "Daniela",
      "last_name": "Riesgo",
      "dni": 38157957,
      "password": "pelusa22"
    }
  },
  {
    "model": "backend.user",
    "pk": 3,
    "fields": {
      "is_student": true,
      "is_teacher": false,
      "first_name": "Juan Ignacio",
      "last_name": "Kristal",
      "dni": 40123123,
      "password": "pelusa22"
    }
  },
  {
    "model": "backend.user",
    "pk": 4,
    "fields": {
      "is_student": true,
      "is_teacher": false,
      "first_name": "Alejandro",
      "last_name": "Levinas",
      "dni": 36123123,
      "password": "pelusa22"
    }
  },
  {
    "model": "backend.user",
    "pk": 5,
    "fields": {
      "is_student": false,
      "is_teacher": true,
      "first_name": "Jorge",
      "last_name": "Collinet",
      "dni": 35624188,
      "password": "pelusa22"
    }
  },
  {
    "model": "backend.user",
    "pk": 6,
    "fields": {
      "is_student": false,
      "is_teacher": true,
      "first_name": "Diego",
      "last_name": "Essaya",
      "dni": 30123123,
      "password": "pelusa22"
    }
  },
  {
    "model": "backend.user",
    "pk": 7,
    "fields": {
      "is_student": false,
      "is_teacher": true,
      "first_name": "Adeodato",
      "last_name": "Simó",
      "dni": 99999999,
      "password": "pelusa22"
    }
  },
  {
    "model": "backend.user",
    "pk": 8,
    "fields": {
      "is_student": false,
      "is_teacher": true,
      "first_name": "Pablo",
      "last_name": "Cosso",
      "dni": 13123123,
      "password": "pelusa22"
    }
  },
  {
    "model": "backend.user",
    "pk": 9,
    "fields": {
      "is_student": false,
      "is_teacher": true,
      "first_name": "Mariano",
      "last_name": "Mendex",
      "dni": 15151515,
      "password": "pelusa22"
    }
  },
  {
    "model": "backend.user",
    "pk": 10,
    "fields": {
      "is_student": true,
      "is_teacher": false,
      "first_name": "Alumno",
      "last_name": "Fake",
      "dni": 17171717,
      "password": "pelusa22"
    }
  },
  {
    "model": "backend.user",
    "pk": 11,
    "fields": {
      "is_student": true,
      "is_teacher": false,
      "first_name": "Alumna",
      "last_name": "Fake",
      "dni": 18181818,
      "password": "pelusa22"
    }
  },
  {
    "model": "backend.user",
    "pk": 99,
    "fields": {
      "is_staff": true,
      "is_superuser": true,
      "dni": 11111111,
      "password": "pelusa22"
    }
  },
  {
    "model": "backend.student",
    "pk": 1,
    "fields": {
      "padron": 94557,
      "inscripto": true,
      "user": 1
    }
  },
  {
    "model": "backend.student",
    "pk": 2,
    "fields": {
      "padron": 95557,
      "inscripto": true,
      "user": 2
    }
  },
  {
    "model": "backend.student",
    "pk": 3,
    "fields": {
      "padron": 97123,
      "inscripto": true,
      "user": 3
    }
  },
  {
    "model": "backend.student",
    "pk": 4,
    "fields": {
      "padron": 95123,
      "inscripto": true,
      "user": 4
    }
  },
  {
    "model": "backend.student",
    "pk": 5,
    "fields": {
      "inscripto": false,
      "user": 10
    }
  },
  {
    "model": "backend.student",
    "pk": 6,
    "fields": {
      "inscripto": false,
      "user": 11
    }
  },
  {
    "model": "backend.teacher",
    "pk": 1,
    "fields": {
      "legajo": 12345,
      "user": 5
    }
  },
  {
    "model": "backend.teacher",
    "pk": 2,
    "fields": {
      "legajo": 12346,
      "user": 6
    }
  },
  {
    "model": "backend.teacher",
    "pk": 3,
    "fields": {
      "legajo": 12347,
      "user": 7
    }
  },
  {
    "model": "backend.teacher",
    "pk": 4,
    "fields": {
      "legajo": 12348,
      "user": 8
    }
  },
  {
    "model": "backend.teacher",
    "pk": 5,
    "fields": {
      "legajo": 87654,
      "user": 9
    }
  },
  {
    "model": "backend.course",
    "pk": 1,
    "fields": {
      "subject": "Física I",
      "teacher": 5,
      "semester": "1c2019"
    }
  },
  {
    "model": "backend.course",
    "pk": 2,
    "fields": {
      "subject": "Física I",
      "teacher": 5,
      "semester": "2c2019"
    }
  },
  {
    "model": "backend.course",
    "pk": 3,
    "fields": {
      "subject": "Física I",
      "teacher": 5,
      "semester": "1c2020"
    }
  },
  {
    "model": "backend.course",
    "pk": 4,
    "fields": {
      "subject": "Análisis Matemático II",
      "teacher": 6,
      "semester": "1c2019"
    }
  },
  {
    "model": "backend.course",
    "pk": 5,
    "fields": {
      "subject": "Análisis Matemático II",
      "teacher": 6,
      "semester": "2c2019"
    }
  },
  {
    "model": "backend.course",
    "pk": 6,
    "fields": {
      "subject": "Análisis Matemático II",
      "teacher": 6,
      "semester": "1c2020"
    }
  },
  {
    "model": "backend.course",
    "pk": 7,
    "fields": {
      "subject": "Física II",
      "teacher": 7,
      "semester": "1c2019"
    }
  },
  {
    "model": "backend.course",
    "pk": 8,
    "fields": {
      "subject": "Física II",
      "teacher": 7,
      "semester": "2c2019"
    }
  },
  {
    "model": "backend.course",
    "pk": 9,
    "fields": {
      "subject": "Física II",
      "teacher": 7,
      "semester": "1c2020"
    }
  },
  {
    "model": "backend.course",
    "pk": 10,
    "fields": {
      "subject": "Algoritmos y Programación I",
      "teacher": 8,
      "semester": "1c2019"
    }
  },
  {
    "model": "backend.course",
    "pk": 11,
    "fields": {
      "subject": "Algoritmos y Programación I",
      "teacher": 8,
      "semester": "2c2019"
    }
  },
  {
    "model": "backend.course",
    "pk": 12,
    "fields": {
      "subject": "Algoritmos y Programación I",
      "teacher": 8,
      "semester": "1c2020"
    }
  },
  {
    "model": "backend.course",
    "pk": 13,
    "fields": {
      "subject": "Algoritmos y Programación II",
      "teacher": 9,
      "semester": "1c2019"
    }
  },
  {
    "model": "backend.course",
    "pk": 14,
    "fields": {
      "subject": "Algoritmos y Programación II",
      "teacher": 9,
      "semester": "2c2019"
    }
  },
  {
    "model": "backend.course",
    "pk": 15,
    "fields": {
      "subject": "Algoritmos y Programación II",
      "teacher": 9,
      "semester": "1c2020"
    }
  },
  {
    "model": "backend.course",
    "pk": 16,
    "fields": {
      "subject": "Química I",
      "teacher": 5,
      "semester": "1c2019"
    }
  },
  {
    "model": "backend.course",
    "pk": 17,
    "fields": {
      "subject": "Química I",
      "teacher": 5,
      "semester": "2c2019"
    }
  },
  {
    "model": "backend.course",
    "pk": 18,
    "fields": {
      "subject": "Química I",
      "teacher": 5,
      "semester": "1c2020"
    }
  },
  {
    "model": "backend.course",
    "pk": 19,
    "fields": {
      "subject": "Álgebra II",
      "teacher": 6,
      "semester": "1c2019"
    }
  },
  {
    "model": "backend.course",
    "pk": 20,
    "fields": {
      "subject": "Álgebra II",
      "teacher": 6,
      "semester": "2c2019"
    }
  },
  {
    "model": "backend.course",
    "pk": 21,
    "fields": {
      "subject": "Álgebra II",
      "teacher": 6,
      "semester": "1c2020"
    }
  },
  {
    "model": "backend.course",
    "pk": 22,
    "fields": {
      "subject": "Análisis Matemático III",
      "teacher": 7,
      "semester": "1c2019"
    }
  },
  {
    "model": "backend.course",
    "pk": 23,
    "fields": {
      "subject": "Análisis Matemático III",
      "teacher": 7,
      "semester": "2c2019"
    }
  },
  {
    "model": "backend.course",
    "pk": 24,
    "fields": {
      "subject": "Análisis Matemático III",
      "teacher": 7,
      "semester": "1c2020"
    }
  },
  {
    "model": "backend.course",
    "pk": 25,
    "fields": {
      "subject": "Matemática Discreta",
      "teacher": 8,
      "semester": "1c2019"
    }
  },
  {
    "model": "backend.course",
    "pk": 26,
    "fields": {
      "subject": "Matemática Discreta",
      "teacher": 8,
      "semester": "2c2019"
    }
  },
  {
    "model": "backend.course",
    "pk": 27,
    "fields": {
      "subject": "Matemática Discreta",
      "teacher": 8,
      "semester": "1c2020"
    }
  },
  {
    "model": "backend.final",
    "pk": 1,
    "fields": {
      "course": 1,
      "date": "2019-07-15T19:00:00-03:00"
    }
  },
  {
    "model": "backend.final",
    "pk": 2,
    "fields": {
      "course": 1,
      "date": "2019-07-22T19:00:00-03:00"
    }
  },
  {
    "model": "backend.final",
    "pk": 3,
    "fields": {
      "course": 4,
      "date": "2019-07-15T19:00:00-03:00"
    }
  },
  {
    "model": "backend.final",
    "pk": 4,
    "fields": {
      "course": 4,
      "date": "2019-07-22T19:00:00-03:00"
    }
  },
  {
    "model": "backend.final",
    "pk": 5,
    "fields": {
      "course": 8,
      "date": "2019-07-15T19:00:00-03:00"
    }
  },
  {
    "model": "backend.final",
    "pk": 6,
    "fields": {
      "course": 8,
      "date": "2019-07-22T19:00:00-03:00"
    }
  },
  {
    "model": "backend.final",
    "pk": 7,
    "fields": {
      "course": 11,
      "date": "2019-12-15T19:00:00-03:00"
    }
  },
  {
    "model": "backend.final",
    "pk": 8,
    "fields": {
      "course": 11,
      "date": "2020-02-03T19:00:00-03:00"
    }
  },
  {
    "model": "backend.final",
    "pk": 9,
    "fields": {
      "course": 11,
      "date": "2019-12-19T19:00:00-03:00"
    }
  },
  {
    "model": "backend.final",
    "pk": 10,
    "fields": {
      "course": 14,
      "date": "2020-02-03T19:00:00-03:00"
    }
  },
  {
    "model": "backend.final",
    "pk": 11,
    "fields": {
      "course": 17,
      "date": "2019-12-15T19:00:00-03:00"
    }
  },
  {
    "model": "backend.final",
    "pk": 12,
    "fields": {
      "course": 17,
      "date": "2020-02-03T19:00:00-03:00"
    }
  },
  {
    "model": "backend.final",
    "pk": 13,
    "fields": {
      "course": 21,
      "date": "2020-07-05T19:00:00-03:00"
    }
  },
  {
    "model": "backend.final",
    "pk": 14,
    "fields": {
      "course": 21,
      "date": "2020-07-12T19:00:00-03:00"
    }
  },
  {
    "model": "backend.final",
    "pk": 15,
    "fields": {
      "course": 24,
      "date": "2020-07-05T19:00:00-03:00"
    }
  },
  {
    "model": "backend.final",
    "pk": 16,
    "fields": {
      "course": 24,
      "date": "2020-07-12T19:00:00-03:00"
    }
  },
  {
    "model": "backend.final",
    "pk": 17,
    "fields": {
      "course": 8,
      "date": "2020-01-11T19:00:00-03:00"
    }
  },
  {
    "model": "backend.final",
    "pk": 18,
    "fields": {
      "course": 15,
      "date": "2020-07-11T19:00:00-03:00"
    }
  },
  {
    "model": "backend.final",
    "pk": 19,
    "fields": {
      "course": 15,
      "date": "2020-07-18T19:00:00-03:00"
    }
  },
  {
    "model": "backend.finalexam",
    "pk": 1,
    "fields": {
      "final": 1,
      "student": 1,
      "grade": 4
    }
  },
  {
    "model": "backend.finalexam",
    "pk": 2,
    "fields": {
      "final": 2,
      "student": 2,
      "grade": 9
    }
  },
  {
    "model": "backend.finalexam",
    "pk": 3,
    "fields": {
      "final": 3,
      "student": 1,
      "grade": 2
    }
  },
  {
    "model": "backend.finalexam",
    "pk": 4,
    "fields": {
      "final": 4,
      "student": 1,
      "grade": 7
    }
  },
  {
    "model": "backend.finalexam",
    "pk": 5,
    "fields": {
      "final": 3,
      "student": 2,
      "grade": 5
    }
  },
  {
    "model": "backend.finalexam",
    "pk": 6,
    "fields": {
      "final": 8,
      "student": 1,
      "grade": 9
    }
  },
  {
    "model": "backend.finalexam",
    "pk": 7,
    "fields": {
      "final": 8,
      "student": 2,
      "grade": 10
    }
  },
  {
    "model": "backend.finalexam",
    "pk": 8,
    "fields": {
      "final": 17,
      "student": 1,
      "grade": 8
    }
  },
  {
    "model": "backend.finalexam",
    "pk": 9,
    "fields": {
      "final": 17,
      "student": 2,
      "grade": 7
    }
  },
  {
    "model": "backend.finalexam",
    "pk": 10,
    "fields": {
      "final": 18,
      "student": 1,
      "grade": null
    }
  },
  {
    "model": "backend.finalexam",
    "pk": 11,
    "fields": {
      "final": 18,
      "student": 2,
      "grade": 2
    }
  },
  {
    "model": "backend.finalexam",
    "pk": 12,
    "fields": {
      "final": 19,
      "student": 2,
      "grade": null
    }
  }
]
