[
  {
    "model": "backend.user",
    "pk": 1,
    "fields": {
      "is_student": true,
      "is_teacher": false,
      "first_name": "Federico",
      "last_name": "Esteban",
      "dni": 37247189,
      "email": "fede.est@gmail.com",
      "password": "pelusa22"
    }
  },
  {
    "model": "backend.user",
    "pk": 2,
    "fields": {
      "is_student": true,
      "is_teacher": false,
      "first_name": "Daniela",
      "last_name": "Riesgo",
      "dni": 38157957,
      "email": "danielap.riesgo@gmail.com",
      "password": "pelusa22"
    }
  },
  {
    "model": "backend.user",
    "pk": 3,
    "fields": {
      "is_student": true,
      "is_teacher": false,
      "first_name": "Juan Ignacio",
      "last_name": "Kristal",
      "dni": 40123123,
      "email": "juani.kristal@gmail.com",
      "password": "pelusa22"
    }
  },
  {
    "model": "backend.user",
    "pk": 4,
    "fields": {
      "is_student": true,
      "is_teacher": false,
      "first_name": "Alejandro",
      "last_name": "Levinas",
      "dni": 36123123,
      "email": "alevinas@gmail.com",
      "password": "pelusa22"
    }
  },
  {
    "model": "backend.user",
    "pk": 5,
    "fields": {
      "is_student": false,
      "is_teacher": true,
      "first_name": "Jorge",
      "last_name": "Collinet",
      "dni": 35624188,
      "email": "jorge.collinet@gmail.com",
      "password": "pelusa22"
    }
  },
  {
    "model": "backend.user",
    "pk": 6,
    "fields": {
      "is_student": false,
      "is_teacher": true,
      "first_name": "Diego",
      "last_name": "Essaya",
      "dni": 30123123,
      "email": "dessaya@gmail.com",
      "password": "pelusa22"
    }
  },
  {
    "model": "backend.user",
    "pk": 7,
    "fields": {
      "is_student": false,
      "is_teacher": true,
      "first_name": "Adeodato",
      "last_name": "Simó",
      "dni": 99999999,
      "email": "dato@dato.com",
      "password": "pelusa22"
    }
  },
  {
    "model": "backend.user",
    "pk": 8,
    "fields": {
      "is_student": false,
      "is_teacher": true,
      "first_name": "Pablo",
      "last_name": "Cosso",
      "dni": 13123123,
      "email": "pablo.cosso@gmail.com",
      "password": "pelusa22"
    }
  },
  {
    "model": "backend.user",
    "pk": 9,
    "fields": {
      "is_student": false,
      "is_teacher": true,
      "first_name": "Mariano",
      "last_name": "Mendez",
      "dni": 15151515,
      "email": "mariano.mendez@gmail.com",
      "password": "pelusa22"
    }
  },
  {
    "model": "backend.user",
    "pk": 10,
    "fields": {
      "is_student": true,
      "is_teacher": false,
      "first_name": "Alumno",
      "last_name": "Fake",
      "dni": 17171717,
      "email": "alumno.fake@123.com",
      "password": "pelusa22"
    }
  },
  {
    "model": "backend.user",
    "pk": 11,
    "fields": {
      "is_student": true,
      "is_teacher": false,
      "first_name": "Alumna",
      "last_name": "Fake",
      "dni": 18181818,
      "email": "alumna.fake@123.com",
      "password": "pelusa22"
    }
  },
  {
    "model": "backend.user",
    "pk": 99,
    "fields": {
      "is_staff": true,
      "is_superuser": true,
      "dni": 11111111,
      "email": "admin@ludo.com",
      "password": "pelusa22"
    }
  },
  {
    "model": "backend.student",
    "pk": 1,
    "fields": {
      "padron": 94557,
      "inscripto": true,
      "user": 1,
      "face_encodings": [-0.0718940645456314, 0.158472895622253, 0.129906058311462, -0.0620200484991074, -0.0562259405851364, -0.0182943046092987, -0.124562457203865, -0.11715641617775, 0.12282095849514, -0.0747286081314087, 0.205223634839058, 0.0837890282273293, -0.202225238084793, 0.0052119717001915, 0.0129153057932854, 0.091251365840435, -0.13077113032341, -0.100294426083565, -0.0693373382091522, -0.0663144141435623, 0.0646603107452393, 0.120691254734993, 0.0327602624893188, 0.0378443226218224, -0.0953375324606895, -0.404435753822327, -0.134638428688049, -0.0343223325908184, 0.0510790348052979, -0.0333549976348877, 0.0231383666396141, 0.0124428793787956, -0.144889608025551, -0.00794278085231781, 0.0571465194225311, 0.0476001799106598, -0.0120797976851463, 0.00288403779268265, 0.163492813706398, 0.0567040182650089, -0.121078208088875, 0.132355138659477, 0.0397978499531746, 0.282226592302322, 0.186612159013748, 0.0570859722793102, 0.110026188194752, -0.0754604637622833, 0.0904536470770836, -0.226782888174057, 0.167149156332016, 0.140036821365356, 0.134269043803215, 0.0595759190618992, 0.162044957280159, -0.149873271584511, -0.082541286945343, 0.156666561961174, -0.16235014796257, 0.196501970291138, 0.101206034421921, -0.0161009896546602, -0.0156352296471596, -0.0834633111953735, 0.176220640540123, 0.133509784936905, -0.171006768941879, -0.115628361701965, 0.130389183759689, -0.129572838544846, -0.0746951699256897, 0.00165760517120361, -0.14546474814415, -0.1446772813797, -0.254748046398163, 0.137416675686836, 0.40243273973465, 0.158332332968712, -0.257076740264893, -0.0350575596094131, -0.0156839564442635, 0.00594057142734528, 0.0493050366640091, 0.0525273680686951, -0.0931551679968834, -0.0794475302100182, -0.0318538695573807, 0.0529888868331909, 0.195399969816208, 0.0846337974071503, -0.0530000180006027, 0.286837339401245, 0.0123770795762539, 0.0868316814303398, 0.0272195339202881, 0.0733735859394073, -0.113147214055061, -0.0799082517623901, -0.182952851057053, 0.0191846191883087, -0.10839356482029, -0.0523698329925537, -0.0217332243919373, 0.130411267280579, -0.111771732568741, 0.192079693078995, -0.0256330668926239, -0.0165537409484386, -0.0343894511461258, 0.165916308760643, -0.159314647316933, -0.0783812403678894, 0.138054117560387, -0.206586733460426, 0.220194667577744, 0.175803557038307, 0.0580093525350094, 0.119370847940445, 0.0532389022409916, 0.0909135341644287, 0.05124381929636, 0.00429204106330872, -0.102031789720058, -0.100409373641014, 0.0382491275668144, -0.054313525557518, 0.00801995396614075, 0.0457009077072144]
    }
  },
  {
    "model": "backend.student",
    "pk": 2,
    "fields": {
      "padron": 95557,
      "inscripto": true,
      "user": 2,
      "face_encodings": [-0.083392322063446, 0.0809348896145821, 0.0733130425214767, -0.0540066361427307, -0.174843937158585, -0.00358903408050537, -0.0368717201054096, -0.100299723446369, 0.119234308600426, -0.150944456458092, 0.274468034505844, -0.04979457706213, -0.219506233930588, 0.0931993946433067, 0.00702124834060669, 0.134448751807213, -0.180334195494652, -0.0947339236736298, -0.126001879572868, -0.143079906702042, 0.0586014091968536, 0.0765982791781425, 0.0661674439907074, 0.0862715393304825, -0.20697033405304, -0.316634684801102, -0.0539165139198303, -0.0904162973165512, 0.0664069578051567, -0.0302533656358719, 0.0158378854393959, 0.0544502250850201, -0.11605241894722, 0.0691349059343338, 0.0934454724192619, 0.0260029789060354, -0.0573304891586304, -0.135616987943649, 0.229721382260323, -0.00412528589367867, -0.16940613090992, 0.0415492504835129, 0.117457590997219, 0.14024256169796, 0.133675053715706, -0.0160063505172729, 0.119582295417786, -0.18397618830204, 0.100715056061745, -0.265116959810257, 0.0751597061753273, 0.184965044260025, 0.0381531417369843, 0.116577640175819, 0.11553929746151, -0.198301911354065, -0.00435981154441833, 0.176023676991463, -0.175070196390152, 0.0799106135964394, 0.0574804730713367, 0.063263900578022, -0.056468091905117, -0.10352811217308, 0.175353273749352, 0.171320796012878, -0.165873363614082, -0.160760104656219, 0.144699051976204, -0.173176825046539, -0.100517690181732, 0.167922675609589, -0.125599935650826, -0.238686203956604, -0.150348991155624, 0.0258684754371643, 0.439466744661331, 0.188441887497902, -0.171247497200966, -0.026619590818882, -0.0542668923735619, -0.0767191126942635, 0.00836376845836639, 0.100862897932529, -0.0804525166749954, -0.0869344472885132, -0.0141675304621458, 0.0729045867919922, 0.217370554804802, 0.00485210120677948, -0.00392106920480728, 0.312765419483185, 0.0977946147322655, -0.01722751557827, 0.0218802131712437, 0.110804937779903, -0.157148525118828, -0.0638326779007912, -0.0949655696749687, -0.058760866522789, -0.0520573034882545, -0.0655839741230011, -0.0502914637327194, 0.0605535358190536, -0.235313981771469, 0.232044845819473, -0.087082676589489, -0.104579024016857, -0.0518472343683243, 0.0245128720998764, -0.0159405618906021, 0.0340693891048431, 0.13385871052742, -0.298567950725555, 0.125581994652748, 0.179684981703758, 0.0917067676782608, 0.200989812612534, 0.0153898820281029, 0.0784021764993668, 0.0437071621417999, -0.0450139120221138, -0.136880353093147, -0.101415947079659, -0.0015685111284256, -0.0823299288749695, -0.0465857088565826, -0.00527937710285187]
    }
  },
  {
    "model": "backend.student",
    "pk": 3,
    "fields": {
      "padron": 97123,
      "inscripto": true,
      "user": 3,
      "face_encodings": [-0.0718940645456314, 0.158472895622253, 0.129906058311462, -0.0620200484991074, -0.0562259405851364, -0.0182943046092987, -0.124562457203865, -0.11715641617775, 0.12282095849514, -0.0747286081314087, 0.205223634839058, 0.0837890282273293, -0.202225238084793, 0.0052119717001915, 0.0129153057932854, 0.091251365840435, -0.13077113032341, -0.100294426083565, -0.0693373382091522, -0.0663144141435623, 0.0646603107452393, 0.120691254734993, 0.0327602624893188, 0.0378443226218224, -0.0953375324606895, -0.404435753822327, -0.134638428688049, -0.0343223325908184, 0.0510790348052979, -0.0333549976348877, 0.0231383666396141, 0.0124428793787956, -0.144889608025551, -0.00794278085231781, 0.0571465194225311, 0.0476001799106598, -0.0120797976851463, 0.00288403779268265, 0.163492813706398, 0.0567040182650089, -0.121078208088875, 0.132355138659477, 0.0397978499531746, 0.282226592302322, 0.186612159013748, 0.0570859722793102, 0.110026188194752, -0.0754604637622833, 0.0904536470770836, -0.226782888174057, 0.167149156332016, 0.140036821365356, 0.134269043803215, 0.0595759190618992, 0.162044957280159, -0.149873271584511, -0.082541286945343, 0.156666561961174, -0.16235014796257, 0.196501970291138, 0.101206034421921, -0.0161009896546602, -0.0156352296471596, -0.0834633111953735, 0.176220640540123, 0.133509784936905, -0.171006768941879, -0.115628361701965, 0.130389183759689, -0.129572838544846, -0.0746951699256897, 0.00165760517120361, -0.14546474814415, -0.1446772813797, -0.254748046398163, 0.137416675686836, 0.40243273973465, 0.158332332968712, -0.257076740264893, -0.0350575596094131, -0.0156839564442635, 0.00594057142734528, 0.0493050366640091, 0.0525273680686951, -0.0931551679968834, -0.0794475302100182, -0.0318538695573807, 0.0529888868331909, 0.195399969816208, 0.0846337974071503, -0.0530000180006027, 0.286837339401245, 0.0123770795762539, 0.0868316814303398, 0.0272195339202881, 0.0733735859394073, -0.113147214055061, -0.0799082517623901, -0.182952851057053, 0.0191846191883087, -0.10839356482029, -0.0523698329925537, -0.0217332243919373, 0.130411267280579, -0.111771732568741, 0.192079693078995, -0.0256330668926239, -0.0165537409484386, -0.0343894511461258, 0.165916308760643, -0.159314647316933, -0.0783812403678894, 0.138054117560387, -0.206586733460426, 0.220194667577744, 0.175803557038307, 0.0580093525350094, 0.119370847940445, 0.0532389022409916, 0.0909135341644287, 0.05124381929636, 0.00429204106330872, -0.102031789720058, -0.100409373641014, 0.0382491275668144, -0.054313525557518, 0.00801995396614075, 0.0457009077072144]
    }
  },
  {
    "model": "backend.student",
    "pk": 4,
    "fields": {
      "padron": 95123,
      "inscripto": true,
      "user": 4,
      "face_encodings": [-0.0718940645456314, 0.158472895622253, 0.129906058311462, -0.0620200484991074, -0.0562259405851364, -0.0182943046092987, -0.124562457203865, -0.11715641617775, 0.12282095849514, -0.0747286081314087, 0.205223634839058, 0.0837890282273293, -0.202225238084793, 0.0052119717001915, 0.0129153057932854, 0.091251365840435, -0.13077113032341, -0.100294426083565, -0.0693373382091522, -0.0663144141435623, 0.0646603107452393, 0.120691254734993, 0.0327602624893188, 0.0378443226218224, -0.0953375324606895, -0.404435753822327, -0.134638428688049, -0.0343223325908184, 0.0510790348052979, -0.0333549976348877, 0.0231383666396141, 0.0124428793787956, -0.144889608025551, -0.00794278085231781, 0.0571465194225311, 0.0476001799106598, -0.0120797976851463, 0.00288403779268265, 0.163492813706398, 0.0567040182650089, -0.121078208088875, 0.132355138659477, 0.0397978499531746, 0.282226592302322, 0.186612159013748, 0.0570859722793102, 0.110026188194752, -0.0754604637622833, 0.0904536470770836, -0.226782888174057, 0.167149156332016, 0.140036821365356, 0.134269043803215, 0.0595759190618992, 0.162044957280159, -0.149873271584511, -0.082541286945343, 0.156666561961174, -0.16235014796257, 0.196501970291138, 0.101206034421921, -0.0161009896546602, -0.0156352296471596, -0.0834633111953735, 0.176220640540123, 0.133509784936905, -0.171006768941879, -0.115628361701965, 0.130389183759689, -0.129572838544846, -0.0746951699256897, 0.00165760517120361, -0.14546474814415, -0.1446772813797, -0.254748046398163, 0.137416675686836, 0.40243273973465, 0.158332332968712, -0.257076740264893, -0.0350575596094131, -0.0156839564442635, 0.00594057142734528, 0.0493050366640091, 0.0525273680686951, -0.0931551679968834, -0.0794475302100182, -0.0318538695573807, 0.0529888868331909, 0.195399969816208, 0.0846337974071503, -0.0530000180006027, 0.286837339401245, 0.0123770795762539, 0.0868316814303398, 0.0272195339202881, 0.0733735859394073, -0.113147214055061, -0.0799082517623901, -0.182952851057053, 0.0191846191883087, -0.10839356482029, -0.0523698329925537, -0.0217332243919373, 0.130411267280579, -0.111771732568741, 0.192079693078995, -0.0256330668926239, -0.0165537409484386, -0.0343894511461258, 0.165916308760643, -0.159314647316933, -0.0783812403678894, 0.138054117560387, -0.206586733460426, 0.220194667577744, 0.175803557038307, 0.0580093525350094, 0.119370847940445, 0.0532389022409916, 0.0909135341644287, 0.05124381929636, 0.00429204106330872, -0.102031789720058, -0.100409373641014, 0.0382491275668144, -0.054313525557518, 0.00801995396614075, 0.0457009077072144]
    }
  },
  {
    "model": "backend.student",
    "pk": 5,
    "fields": {
      "inscripto": false,
      "user": 10,
      "face_encodings": [-0.0718940645456314, 0.158472895622253, 0.129906058311462, -0.0620200484991074, -0.0562259405851364, -0.0182943046092987, -0.124562457203865, -0.11715641617775, 0.12282095849514, -0.0747286081314087, 0.205223634839058, 0.0837890282273293, -0.202225238084793, 0.0052119717001915, 0.0129153057932854, 0.091251365840435, -0.13077113032341, -0.100294426083565, -0.0693373382091522, -0.0663144141435623, 0.0646603107452393, 0.120691254734993, 0.0327602624893188, 0.0378443226218224, -0.0953375324606895, -0.404435753822327, -0.134638428688049, -0.0343223325908184, 0.0510790348052979, -0.0333549976348877, 0.0231383666396141, 0.0124428793787956, -0.144889608025551, -0.00794278085231781, 0.0571465194225311, 0.0476001799106598, -0.0120797976851463, 0.00288403779268265, 0.163492813706398, 0.0567040182650089, -0.121078208088875, 0.132355138659477, 0.0397978499531746, 0.282226592302322, 0.186612159013748, 0.0570859722793102, 0.110026188194752, -0.0754604637622833, 0.0904536470770836, -0.226782888174057, 0.167149156332016, 0.140036821365356, 0.134269043803215, 0.0595759190618992, 0.162044957280159, -0.149873271584511, -0.082541286945343, 0.156666561961174, -0.16235014796257, 0.196501970291138, 0.101206034421921, -0.0161009896546602, -0.0156352296471596, -0.0834633111953735, 0.176220640540123, 0.133509784936905, -0.171006768941879, -0.115628361701965, 0.130389183759689, -0.129572838544846, -0.0746951699256897, 0.00165760517120361, -0.14546474814415, -0.1446772813797, -0.254748046398163, 0.137416675686836, 0.40243273973465, 0.158332332968712, -0.257076740264893, -0.0350575596094131, -0.0156839564442635, 0.00594057142734528, 0.0493050366640091, 0.0525273680686951, -0.0931551679968834, -0.0794475302100182, -0.0318538695573807, 0.0529888868331909, 0.195399969816208, 0.0846337974071503, -0.0530000180006027, 0.286837339401245, 0.0123770795762539, 0.0868316814303398, 0.0272195339202881, 0.0733735859394073, -0.113147214055061, -0.0799082517623901, -0.182952851057053, 0.0191846191883087, -0.10839356482029, -0.0523698329925537, -0.0217332243919373, 0.130411267280579, -0.111771732568741, 0.192079693078995, -0.0256330668926239, -0.0165537409484386, -0.0343894511461258, 0.165916308760643, -0.159314647316933, -0.0783812403678894, 0.138054117560387, -0.206586733460426, 0.220194667577744, 0.175803557038307, 0.0580093525350094, 0.119370847940445, 0.0532389022409916, 0.0909135341644287, 0.05124381929636, 0.00429204106330872, -0.102031789720058, -0.100409373641014, 0.0382491275668144, -0.054313525557518, 0.00801995396614075, 0.0457009077072144]
    }
  },
  {
    "model": "backend.student",
    "pk": 6,
    "fields": {
      "inscripto": false,
      "user": 11,
      "face_encodings": [-0.0718940645456314, 0.158472895622253, 0.129906058311462, -0.0620200484991074, -0.0562259405851364, -0.0182943046092987, -0.124562457203865, -0.11715641617775, 0.12282095849514, -0.0747286081314087, 0.205223634839058, 0.0837890282273293, -0.202225238084793, 0.0052119717001915, 0.0129153057932854, 0.091251365840435, -0.13077113032341, -0.100294426083565, -0.0693373382091522, -0.0663144141435623, 0.0646603107452393, 0.120691254734993, 0.0327602624893188, 0.0378443226218224, -0.0953375324606895, -0.404435753822327, -0.134638428688049, -0.0343223325908184, 0.0510790348052979, -0.0333549976348877, 0.0231383666396141, 0.0124428793787956, -0.144889608025551, -0.00794278085231781, 0.0571465194225311, 0.0476001799106598, -0.0120797976851463, 0.00288403779268265, 0.163492813706398, 0.0567040182650089, -0.121078208088875, 0.132355138659477, 0.0397978499531746, 0.282226592302322, 0.186612159013748, 0.0570859722793102, 0.110026188194752, -0.0754604637622833, 0.0904536470770836, -0.226782888174057, 0.167149156332016, 0.140036821365356, 0.134269043803215, 0.0595759190618992, 0.162044957280159, -0.149873271584511, -0.082541286945343, 0.156666561961174, -0.16235014796257, 0.196501970291138, 0.101206034421921, -0.0161009896546602, -0.0156352296471596, -0.0834633111953735, 0.176220640540123, 0.133509784936905, -0.171006768941879, -0.115628361701965, 0.130389183759689, -0.129572838544846, -0.0746951699256897, 0.00165760517120361, -0.14546474814415, -0.1446772813797, -0.254748046398163, 0.137416675686836, 0.40243273973465, 0.158332332968712, -0.257076740264893, -0.0350575596094131, -0.0156839564442635, 0.00594057142734528, 0.0493050366640091, 0.0525273680686951, -0.0931551679968834, -0.0794475302100182, -0.0318538695573807, 0.0529888868331909, 0.195399969816208, 0.0846337974071503, -0.0530000180006027, 0.286837339401245, 0.0123770795762539, 0.0868316814303398, 0.0272195339202881, 0.0733735859394073, -0.113147214055061, -0.0799082517623901, -0.182952851057053, 0.0191846191883087, -0.10839356482029, -0.0523698329925537, -0.0217332243919373, 0.130411267280579, -0.111771732568741, 0.192079693078995, -0.0256330668926239, -0.0165537409484386, -0.0343894511461258, 0.165916308760643, -0.159314647316933, -0.0783812403678894, 0.138054117560387, -0.206586733460426, 0.220194667577744, 0.175803557038307, 0.0580093525350094, 0.119370847940445, 0.0532389022409916, 0.0909135341644287, 0.05124381929636, 0.00429204106330872, -0.102031789720058, -0.100409373641014, 0.0382491275668144, -0.054313525557518, 0.00801995396614075, 0.0457009077072144]
    }
  },
  {
    "model": "backend.teacher",
    "pk": 1,
    "fields": {
      "siu_id": 1,
      "legajo": 12345,
      "user": 5,
      "face_encodings": [-0.0718940645456314, 0.158472895622253, 0.129906058311462, -0.0620200484991074, -0.0562259405851364, -0.0182943046092987, -0.124562457203865, -0.11715641617775, 0.12282095849514, -0.0747286081314087, 0.205223634839058, 0.0837890282273293, -0.202225238084793, 0.0052119717001915, 0.0129153057932854, 0.091251365840435, -0.13077113032341, -0.100294426083565, -0.0693373382091522, -0.0663144141435623, 0.0646603107452393, 0.120691254734993, 0.0327602624893188, 0.0378443226218224, -0.0953375324606895, -0.404435753822327, -0.134638428688049, -0.0343223325908184, 0.0510790348052979, -0.0333549976348877, 0.0231383666396141, 0.0124428793787956, -0.144889608025551, -0.00794278085231781, 0.0571465194225311, 0.0476001799106598, -0.0120797976851463, 0.00288403779268265, 0.163492813706398, 0.0567040182650089, -0.121078208088875, 0.132355138659477, 0.0397978499531746, 0.282226592302322, 0.186612159013748, 0.0570859722793102, 0.110026188194752, -0.0754604637622833, 0.0904536470770836, -0.226782888174057, 0.167149156332016, 0.140036821365356, 0.134269043803215, 0.0595759190618992, 0.162044957280159, -0.149873271584511, -0.082541286945343, 0.156666561961174, -0.16235014796257, 0.196501970291138, 0.101206034421921, -0.0161009896546602, -0.0156352296471596, -0.0834633111953735, 0.176220640540123, 0.133509784936905, -0.171006768941879, -0.115628361701965, 0.130389183759689, -0.129572838544846, -0.0746951699256897, 0.00165760517120361, -0.14546474814415, -0.1446772813797, -0.254748046398163, 0.137416675686836, 0.40243273973465, 0.158332332968712, -0.257076740264893, -0.0350575596094131, -0.0156839564442635, 0.00594057142734528, 0.0493050366640091, 0.0525273680686951, -0.0931551679968834, -0.0794475302100182, -0.0318538695573807, 0.0529888868331909, 0.195399969816208, 0.0846337974071503, -0.0530000180006027, 0.286837339401245, 0.0123770795762539, 0.0868316814303398, 0.0272195339202881, 0.0733735859394073, -0.113147214055061, -0.0799082517623901, -0.182952851057053, 0.0191846191883087, -0.10839356482029, -0.0523698329925537, -0.0217332243919373, 0.130411267280579, -0.111771732568741, 0.192079693078995, -0.0256330668926239, -0.0165537409484386, -0.0343894511461258, 0.165916308760643, -0.159314647316933, -0.0783812403678894, 0.138054117560387, -0.206586733460426, 0.220194667577744, 0.175803557038307, 0.0580093525350094, 0.119370847940445, 0.0532389022409916, 0.0909135341644287, 0.05124381929636, 0.00429204106330872, -0.102031789720058, -0.100409373641014, 0.0382491275668144, -0.054313525557518, 0.00801995396614075, 0.0457009077072144]
    }
  },
  {
    "model": "backend.teacher",
    "pk": 2,
    "fields": {
      "siu_id": 2,
      "legajo": 12346,
      "user": 6,
      "face_encodings": [-0.0718940645456314, 0.158472895622253, 0.129906058311462, -0.0620200484991074, -0.0562259405851364, -0.0182943046092987, -0.124562457203865, -0.11715641617775, 0.12282095849514, -0.0747286081314087, 0.205223634839058, 0.0837890282273293, -0.202225238084793, 0.0052119717001915, 0.0129153057932854, 0.091251365840435, -0.13077113032341, -0.100294426083565, -0.0693373382091522, -0.0663144141435623, 0.0646603107452393, 0.120691254734993, 0.0327602624893188, 0.0378443226218224, -0.0953375324606895, -0.404435753822327, -0.134638428688049, -0.0343223325908184, 0.0510790348052979, -0.0333549976348877, 0.0231383666396141, 0.0124428793787956, -0.144889608025551, -0.00794278085231781, 0.0571465194225311, 0.0476001799106598, -0.0120797976851463, 0.00288403779268265, 0.163492813706398, 0.0567040182650089, -0.121078208088875, 0.132355138659477, 0.0397978499531746, 0.282226592302322, 0.186612159013748, 0.0570859722793102, 0.110026188194752, -0.0754604637622833, 0.0904536470770836, -0.226782888174057, 0.167149156332016, 0.140036821365356, 0.134269043803215, 0.0595759190618992, 0.162044957280159, -0.149873271584511, -0.082541286945343, 0.156666561961174, -0.16235014796257, 0.196501970291138, 0.101206034421921, -0.0161009896546602, -0.0156352296471596, -0.0834633111953735, 0.176220640540123, 0.133509784936905, -0.171006768941879, -0.115628361701965, 0.130389183759689, -0.129572838544846, -0.0746951699256897, 0.00165760517120361, -0.14546474814415, -0.1446772813797, -0.254748046398163, 0.137416675686836, 0.40243273973465, 0.158332332968712, -0.257076740264893, -0.0350575596094131, -0.0156839564442635, 0.00594057142734528, 0.0493050366640091, 0.0525273680686951, -0.0931551679968834, -0.0794475302100182, -0.0318538695573807, 0.0529888868331909, 0.195399969816208, 0.0846337974071503, -0.0530000180006027, 0.286837339401245, 0.0123770795762539, 0.0868316814303398, 0.0272195339202881, 0.0733735859394073, -0.113147214055061, -0.0799082517623901, -0.182952851057053, 0.0191846191883087, -0.10839356482029, -0.0523698329925537, -0.0217332243919373, 0.130411267280579, -0.111771732568741, 0.192079693078995, -0.0256330668926239, -0.0165537409484386, -0.0343894511461258, 0.165916308760643, -0.159314647316933, -0.0783812403678894, 0.138054117560387, -0.206586733460426, 0.220194667577744, 0.175803557038307, 0.0580093525350094, 0.119370847940445, 0.0532389022409916, 0.0909135341644287, 0.05124381929636, 0.00429204106330872, -0.102031789720058, -0.100409373641014, 0.0382491275668144, -0.054313525557518, 0.00801995396614075, 0.0457009077072144]
    }
  },
  {
    "model": "backend.teacher",
    "pk": 3,
    "fields": {
      "siu_id": 3,
      "legajo": 12347,
      "user": 7,
      "face_encodings": [-0.0718940645456314, 0.158472895622253, 0.129906058311462, -0.0620200484991074, -0.0562259405851364, -0.0182943046092987, -0.124562457203865, -0.11715641617775, 0.12282095849514, -0.0747286081314087, 0.205223634839058, 0.0837890282273293, -0.202225238084793, 0.0052119717001915, 0.0129153057932854, 0.091251365840435, -0.13077113032341, -0.100294426083565, -0.0693373382091522, -0.0663144141435623, 0.0646603107452393, 0.120691254734993, 0.0327602624893188, 0.0378443226218224, -0.0953375324606895, -0.404435753822327, -0.134638428688049, -0.0343223325908184, 0.0510790348052979, -0.0333549976348877, 0.0231383666396141, 0.0124428793787956, -0.144889608025551, -0.00794278085231781, 0.0571465194225311, 0.0476001799106598, -0.0120797976851463, 0.00288403779268265, 0.163492813706398, 0.0567040182650089, -0.121078208088875, 0.132355138659477, 0.0397978499531746, 0.282226592302322, 0.186612159013748, 0.0570859722793102, 0.110026188194752, -0.0754604637622833, 0.0904536470770836, -0.226782888174057, 0.167149156332016, 0.140036821365356, 0.134269043803215, 0.0595759190618992, 0.162044957280159, -0.149873271584511, -0.082541286945343, 0.156666561961174, -0.16235014796257, 0.196501970291138, 0.101206034421921, -0.0161009896546602, -0.0156352296471596, -0.0834633111953735, 0.176220640540123, 0.133509784936905, -0.171006768941879, -0.115628361701965, 0.130389183759689, -0.129572838544846, -0.0746951699256897, 0.00165760517120361, -0.14546474814415, -0.1446772813797, -0.254748046398163, 0.137416675686836, 0.40243273973465, 0.158332332968712, -0.257076740264893, -0.0350575596094131, -0.0156839564442635, 0.00594057142734528, 0.0493050366640091, 0.0525273680686951, -0.0931551679968834, -0.0794475302100182, -0.0318538695573807, 0.0529888868331909, 0.195399969816208, 0.0846337974071503, -0.0530000180006027, 0.286837339401245, 0.0123770795762539, 0.0868316814303398, 0.0272195339202881, 0.0733735859394073, -0.113147214055061, -0.0799082517623901, -0.182952851057053, 0.0191846191883087, -0.10839356482029, -0.0523698329925537, -0.0217332243919373, 0.130411267280579, -0.111771732568741, 0.192079693078995, -0.0256330668926239, -0.0165537409484386, -0.0343894511461258, 0.165916308760643, -0.159314647316933, -0.0783812403678894, 0.138054117560387, -0.206586733460426, 0.220194667577744, 0.175803557038307, 0.0580093525350094, 0.119370847940445, 0.0532389022409916, 0.0909135341644287, 0.05124381929636, 0.00429204106330872, -0.102031789720058, -0.100409373641014, 0.0382491275668144, -0.054313525557518, 0.00801995396614075, 0.0457009077072144]
    }
  },
  {
    "model": "backend.teacher",
    "pk": 4,
    "fields": {
      "siu_id": 4,
      "legajo": 12348,
      "user": 8,
      "face_encodings": [-0.0718940645456314, 0.158472895622253, 0.129906058311462, -0.0620200484991074, -0.0562259405851364, -0.0182943046092987, -0.124562457203865, -0.11715641617775, 0.12282095849514, -0.0747286081314087, 0.205223634839058, 0.0837890282273293, -0.202225238084793, 0.0052119717001915, 0.0129153057932854, 0.091251365840435, -0.13077113032341, -0.100294426083565, -0.0693373382091522, -0.0663144141435623, 0.0646603107452393, 0.120691254734993, 0.0327602624893188, 0.0378443226218224, -0.0953375324606895, -0.404435753822327, -0.134638428688049, -0.0343223325908184, 0.0510790348052979, -0.0333549976348877, 0.0231383666396141, 0.0124428793787956, -0.144889608025551, -0.00794278085231781, 0.0571465194225311, 0.0476001799106598, -0.0120797976851463, 0.00288403779268265, 0.163492813706398, 0.0567040182650089, -0.121078208088875, 0.132355138659477, 0.0397978499531746, 0.282226592302322, 0.186612159013748, 0.0570859722793102, 0.110026188194752, -0.0754604637622833, 0.0904536470770836, -0.226782888174057, 0.167149156332016, 0.140036821365356, 0.134269043803215, 0.0595759190618992, 0.162044957280159, -0.149873271584511, -0.082541286945343, 0.156666561961174, -0.16235014796257, 0.196501970291138, 0.101206034421921, -0.0161009896546602, -0.0156352296471596, -0.0834633111953735, 0.176220640540123, 0.133509784936905, -0.171006768941879, -0.115628361701965, 0.130389183759689, -0.129572838544846, -0.0746951699256897, 0.00165760517120361, -0.14546474814415, -0.1446772813797, -0.254748046398163, 0.137416675686836, 0.40243273973465, 0.158332332968712, -0.257076740264893, -0.0350575596094131, -0.0156839564442635, 0.00594057142734528, 0.0493050366640091, 0.0525273680686951, -0.0931551679968834, -0.0794475302100182, -0.0318538695573807, 0.0529888868331909, 0.195399969816208, 0.0846337974071503, -0.0530000180006027, 0.286837339401245, 0.0123770795762539, 0.0868316814303398, 0.0272195339202881, 0.0733735859394073, -0.113147214055061, -0.0799082517623901, -0.182952851057053, 0.0191846191883087, -0.10839356482029, -0.0523698329925537, -0.0217332243919373, 0.130411267280579, -0.111771732568741, 0.192079693078995, -0.0256330668926239, -0.0165537409484386, -0.0343894511461258, 0.165916308760643, -0.159314647316933, -0.0783812403678894, 0.138054117560387, -0.206586733460426, 0.220194667577744, 0.175803557038307, 0.0580093525350094, 0.119370847940445, 0.0532389022409916, 0.0909135341644287, 0.05124381929636, 0.00429204106330872, -0.102031789720058, -0.100409373641014, 0.0382491275668144, -0.054313525557518, 0.00801995396614075, 0.0457009077072144]
    }
  },
  {
    "model": "backend.teacher",
    "pk": 5,
    "fields": {
      "siu_id": 5,
      "legajo": 87654,
      "user": 9,
      "face_encodings": [-0.0718940645456314, 0.158472895622253, 0.129906058311462, -0.0620200484991074, -0.0562259405851364, -0.0182943046092987, -0.124562457203865, -0.11715641617775, 0.12282095849514, -0.0747286081314087, 0.205223634839058, 0.0837890282273293, -0.202225238084793, 0.0052119717001915, 0.0129153057932854, 0.091251365840435, -0.13077113032341, -0.100294426083565, -0.0693373382091522, -0.0663144141435623, 0.0646603107452393, 0.120691254734993, 0.0327602624893188, 0.0378443226218224, -0.0953375324606895, -0.404435753822327, -0.134638428688049, -0.0343223325908184, 0.0510790348052979, -0.0333549976348877, 0.0231383666396141, 0.0124428793787956, -0.144889608025551, -0.00794278085231781, 0.0571465194225311, 0.0476001799106598, -0.0120797976851463, 0.00288403779268265, 0.163492813706398, 0.0567040182650089, -0.121078208088875, 0.132355138659477, 0.0397978499531746, 0.282226592302322, 0.186612159013748, 0.0570859722793102, 0.110026188194752, -0.0754604637622833, 0.0904536470770836, -0.226782888174057, 0.167149156332016, 0.140036821365356, 0.134269043803215, 0.0595759190618992, 0.162044957280159, -0.149873271584511, -0.082541286945343, 0.156666561961174, -0.16235014796257, 0.196501970291138, 0.101206034421921, -0.0161009896546602, -0.0156352296471596, -0.0834633111953735, 0.176220640540123, 0.133509784936905, -0.171006768941879, -0.115628361701965, 0.130389183759689, -0.129572838544846, -0.0746951699256897, 0.00165760517120361, -0.14546474814415, -0.1446772813797, -0.254748046398163, 0.137416675686836, 0.40243273973465, 0.158332332968712, -0.257076740264893, -0.0350575596094131, -0.0156839564442635, 0.00594057142734528, 0.0493050366640091, 0.0525273680686951, -0.0931551679968834, -0.0794475302100182, -0.0318538695573807, 0.0529888868331909, 0.195399969816208, 0.0846337974071503, -0.0530000180006027, 0.286837339401245, 0.0123770795762539, 0.0868316814303398, 0.0272195339202881, 0.0733735859394073, -0.113147214055061, -0.0799082517623901, -0.182952851057053, 0.0191846191883087, -0.10839356482029, -0.0523698329925537, -0.0217332243919373, 0.130411267280579, -0.111771732568741, 0.192079693078995, -0.0256330668926239, -0.0165537409484386, -0.0343894511461258, 0.165916308760643, -0.159314647316933, -0.0783812403678894, 0.138054117560387, -0.206586733460426, 0.220194667577744, 0.175803557038307, 0.0580093525350094, 0.119370847940445, 0.0532389022409916, 0.0909135341644287, 0.05124381929636, 0.00429204106330872, -0.102031789720058, -0.100409373641014, 0.0382491275668144, -0.054313525557518, 0.00801995396614075, 0.0457009077072144]
    }
  },
  {
  "model": "backend.final",
    "pk": 1,
    "fields": {
      "siu_id": 1,
      "teacher": 6,
      "subject_name": "Física I",
      "subject_siu_id": 1,
      "date": "2019-07-15T19:00:00-03:00"
    }
  },
  {
    "model": "backend.final",
    "pk": 2,
    "fields": {
      "siu_id": 2,
      "teacher": 6,
      "subject_name": "Física I",
      "subject_siu_id": 1,
      "date": "2019-07-22T19:00:00-03:00"
    }
  },
  {
    "model": "backend.final",
    "pk": 3,
    "fields": {
      "siu_id": 3,
      "teacher": 7,
      "subject_name": "Álgebra II",
      "subject_siu_id": 4,
      "date": "2019-07-15T19:00:00-03:00"
    }
  },
  {
    "model": "backend.final",
    "pk": 4,
    "fields": {
      "siu_id": 4,
      "teacher": 7,
      "subject_name": "Álgebra II",
      "subject_siu_id": 4,
      "date": "2019-07-22T19:00:00-03:00"
    }
  },
  {
    "model": "backend.final",
    "pk": 5,
    "fields": {
      "siu_id": 5,
      "teacher": 8,
      "subject_name": "Algoritmos y Programación I",
      "subject_siu_id": 5,
      "date": "2019-07-15T19:00:00-03:00"
    }
  },
  {
    "model": "backend.final",
    "pk": 6,
    "fields": {
      "siu_id": 6,
      "teacher": 8,
      "subject_name": "Algoritmos y Programación I",
      "subject_siu_id": 5,
      "date": "2019-07-22T19:00:00-03:00"
    }
  },
  {
    "model": "backend.final",
    "pk": 7,
    "fields": {
      "siu_id": 7,
      "teacher": 8,
      "subject_name": "Análisis Matemático II",
       "subject_siu_id": 3,
      "date": "2019-12-15T19:00:00-03:00"
    }
  },
  {
    "model": "backend.final",
    "pk": 8,
    "fields": {
      "siu_id": 8,
      "teacher": 8,
      "subject_name": "Análisis Matemático II",
       "subject_siu_id": 3,
      "date": "2020-02-03T19:00:00-03:00"
    }
  },
  {
    "model": "backend.final",
    "pk": 9,
    "fields": {
      "siu_id": 9,
      "teacher": 8,
      "subject_name": "Análisis Matemático II",
       "subject_siu_id": 3,
      "date": "2019-12-19T19:00:00-03:00"
    }
  },
  {
    "model": "backend.final",
    "pk": 10,
    "fields": {
      "siu_id": 10,
      "teacher": 8,
      "subject_name": "Análisis Matemático II",
       "subject_siu_id": 3,
      "date": "2020-02-03T19:00:00-03:00"
    }
  },
  {
    "model": "backend.final",
    "pk": 11,
    "fields": {
      "siu_id": 11,
      "teacher": 9,
      "subject_name": "Física I",
      "subject_siu_id": 1,
      "date": "2019-12-15T19:00:00-03:00"
    }
  },
  {
    "model": "backend.final",
    "pk": 12,
    "fields": {
      "siu_id": 12,
      "teacher": 9,
      "subject_name": "Física I",
      "subject_siu_id": 1,
      "date": "2020-02-03T19:00:00-03:00"
    }
  },
  {
    "model": "backend.final",
    "pk": 13,
    "fields": {
      "siu_id": 13,
      "teacher": 9,
      "subject_name": "Física I",
      "subject_siu_id": 1,
      "date": "2020-07-05T19:00:00-03:00"
    }
  },
  {
    "model": "backend.final",
    "pk": 14,
    "fields": {
      "siu_id": 14,
      "teacher": 9,
      "subject_name": "Física I",
      "subject_siu_id": 1,
      "date": "2020-07-12T19:00:00-03:00"
    }
  },
  {
    "model": "backend.final",
    "pk": 15,
    "fields": {
      "siu_id": 15,
      "teacher": 5,
      "subject_name": "Química I",
       "subject_siu_id": 8,
      "date": "2020-07-05T19:00:00-03:00"
    }
  },
  {
    "model": "backend.final",
    "pk": 16,
    "fields": {
      "siu_id": 16,
      "teacher": 5,
      "subject_name": "Química I",
       "subject_siu_id": 8,
      "date": "2020-07-12T19:00:00-03:00"
    }
  },
  {
    "model": "backend.final",
    "pk": 17,
    "fields": {
      "siu_id": 17,
      "teacher": 5,
      "subject_name": "Química I",
       "subject_siu_id": 8,
      "date": "2020-01-11T19:00:00-03:00"
    }
  },
  {
    "model": "backend.final",
    "pk": 18,
    "fields": {
      "siu_id": 18,
      "teacher": 5,
      "subject_name": "Matemática Discreta",
       "subject_siu_id": 9,
      "date": "2020-07-11T19:00:00-03:00"
    }
  },
  {
    "model": "backend.final",
    "pk": 19,
    "fields": {
      "siu_id": 19,
      "teacher": 5,
      "subject_name": "Matemática Discreta",
       "subject_siu_id": 9,
      "date": "2020-07-18T19:00:00-03:00"
    }
  },
  {
    "model": "backend.finalexam",
    "pk": 1,
    "fields": {
      "final": 1,
      "student": 1,
      "grade": 4
    }
  },
  {
    "model": "backend.finalexam",
    "pk": 2,
    "fields": {
      "final": 2,
      "student": 2,
      "grade": 9
    }
  },
  {
    "model": "backend.finalexam",
    "pk": 3,
    "fields": {
      "final": 3,
      "student": 1,
      "grade": 2
    }
  },
  {
    "model": "backend.finalexam",
    "pk": 4,
    "fields": {
      "final": 4,
      "student": 1,
      "grade": 7
    }
  },
  {
    "model": "backend.finalexam",
    "pk": 5,
    "fields": {
      "final": 3,
      "student": 2,
      "grade": 5
    }
  },
  {
    "model": "backend.finalexam",
    "pk": 6,
    "fields": {
      "final": 8,
      "student": 1,
      "grade": 9
    }
  },
  {
    "model": "backend.finalexam",
    "pk": 7,
    "fields": {
      "final": 8,
      "student": 2,
      "grade": 10
    }
  },
  {
    "model": "backend.finalexam",
    "pk": 8,
    "fields": {
      "final": 17,
      "student": 1,
      "grade": 8
    }
  },
  {
    "model": "backend.finalexam",
    "pk": 9,
    "fields": {
      "final": 17,
      "student": 2,
      "grade": 7
    }
  },
  {
    "model": "backend.finalexam",
    "pk": 10,
    "fields": {
      "final": 18,
      "student": 1,
      "grade": null
    }
  },
  {
    "model": "backend.finalexam",
    "pk": 11,
    "fields": {
      "final": 18,
      "student": 2,
      "grade": 2
    }
  },
  {
    "model": "backend.finalexam",
    "pk": 12,
    "fields": {
      "final": 19,
      "student": 2,
      "grade": null
    }
  }
]
